expression,reading,meaning,tags,JLPT Level
踏む,ふむ,"to step on, to tread on",JLPT JLPT_N4,4
～区,～く,"~ district, ~ ward, ~ borough",JLPT JLPT_N4,4
すっと,すっと,"straight, quickly",JLPT JLPT_N4,4
盗む,ぬすむ,to steal; to rob,Genki Genki_Ln.21 JLPT JLPT_N4,4
大抵,たいてい,"generally, usually",Genki Genki_Ln.3 JLPT JLPT_N4,4
とうとう,とうとう,"finally, at last",JLPT JLPT_N4,4
ガソリン,ガソリン,"gasoline, petrol",Genki Genki_Ln.21 JLPT JLPT_N4,4
鳴る,なる,"to sound, to ring (v.i.)",Intermediate_Japanese_Ln.2 JLPT JLPT_N4,4
しっかり,しっかり,"firmly, steady",JLPT JLPT_N4,4
生きる,いきる,to live,JLPT JLPT_N4,4
苦い,にがい,bitter,JLPT JLPT_N4,4
沸く,わく,"to boil, to grow hot",JLPT JLPT_N4,4
意見,いけん,"opinion, view, idea",JLPT JLPT_N4,4
やはり; やっぱり,やはり; やっぱり,"as I thought, absolutely",JLPT JLPT_N4,4
漫画,まんが,"comic (book), cartoon",Genki Genki_Ln.14 JLPT JLPT_N4,4
ステレオ,ステレオ,stereo,JLPT JLPT_N4,4
医学,いがく,medical science,JLPT JLPT_N4,4
テキスト,テキスト,text; text book,JLPT JLPT_N4,4
～月,～つき,month,JLPT JLPT_N4,4
折る,おる,"to snap, to break; to bend",JLPT JLPT_N4,4
～会,～かい,~ meeting,JLPT JLPT_N4,4
うかがう,うかがう,to ask,JLPT JLPT_N4,4
聞こえる,きこえる,"to be heard, to be audible",JLPT JLPT_N4,4
僕,ぼく,I (used by men towards those of equal or lower status),Genki Genki_Ln.5 JLPT JLPT_N4,4
必ず,かならず,"surely, certainly",Intermediate_Japanese_Ln.8 JLPT JLPT_N4,4
壊す,こわす,"to break, to break down",JLPT JLPT_N4,4
怒る,おこる,to get angry; to scold angrily,Genki Genki_Ln.19 JLPT JLPT_N4,4
床屋,とこや,barber's (shop),Genki Genki_Ln.10 Intermediate_Japanese_Ln.6 JLPT JLPT_N4,4
オートバイ,オートバイ,motorcycle (lit: auto-bi(ke)),JLPT JLPT_N4,4
運動,うんどうする,exercise,JLPT JLPT_N4,4
止む,やむ,"to cease, to stop",JLPT JLPT_N4,4
もし,もし,if,JLPT JLPT_N4,4
表,おもて,surface; front; outside,JLPT JLPT_N4,4
大学生,だいがくせい,"college student, university student",Genki Genki_Ln.1 Genki_Ln.8 JLPT JLPT_N4,4
運転手,うんてんしゅ,driver (by occupation),Intermediate_Japanese_Ln.6 JLPT JLPT_N4,4
予習,よしゅう,preparation of lessons (for class),Genki Genki_Ln.22 Intermediate_Japanese_Ln.5 JLPT JLPT_N4,4
心配,しんぱいする,"worry, concern",JLPT JLPT_N4,4
別,べつ,"distinction, different",JLPT JLPT_N4,4
非常に,ひじょうに,extremely; very,Intermediate_Japanese_Ln.2 JLPT JLPT_N4,4
お宅,おたく,(someone else's) house; home -- polite word for 家 (いえ) --,Genki Genki_Ln.13 Intermediate_Japanese_Ln.7 JLPT JLPT_N4,4
柔らかい,やわらかい,"soft (in reference to texture), tender",JLPT JLPT_N4,4
拾う,ひろう,"to pick up (something), to find",Genki Genki_Ln.22 JLPT JLPT_N4,4
～ございます,～ございます,"to be (polite), to exist",JLPT JLPT_N4,4
気,き,"spirit, mood",JLPT JLPT_N4,4
比べる,くらべる,to compare,JLPT JLPT_N4,4
ほとんど,ほとんど,"mostly, almost",Intermediate_Japanese_Ln.7 JLPT JLPT_N4,4
つもり,つもり,"intention, plan",JLPT JLPT_N4,4
郊外,こうがい,"suburb, outskirts",JLPT JLPT_N4,4
だめ,だめ,"useless, no good, hopeless",JLPT JLPT_N4,4
売り場,うりば,place where things are sold,JLPT JLPT_N4,4
正月,しょうがつ,"New Year, New Year's Day",JLPT JLPT_N4,4
規則,きそく,"rule, regulation",JLPT JLPT_N4,4
うん,うん,"yes (informal), all right (ok)",Genki Genki_Ln.8 JLPT JLPT_N4,4
発音,はつおん,pronunciation,JLPT JLPT_N4,4
焼く,やく,"to bake, to grill",Genki Genki_Ln.21 JLPT JLPT_N4,4
屋上,おくじょう,rooftop,JLPT JLPT_N4,4
失礼,しつれい,"discourtesy, impoliteness; Excuse me",JLPT JLPT_N4,4
ごみ,ごみ,"trash, garbage",Genki Genki_Ln.16 JLPT JLPT_N4,4
アフリカ,アフリカ,Africa,JLPT JLPT_N4,4
点,てん,"mark, score, grade; point, dot",Intermediate_Japanese_Ln.5 JLPT JLPT_N4,4
一生懸命,いっしょうけんめい,"very hard (as in ""to work hard""), with utmost effort",Intermediate_Japanese_Ln.5 JLPT JLPT_N4,4
今度,こんど,"now, this time, near future, one of these days, next time",Genki Genki_Ln.9 JLPT JLPT_N4,4
機会,きかい,"chance, opportunity",JLPT JLPT_N4,4
建てる,たてる,to build,JLPT JLPT_N4,4
複雑,ふくざつ,"complexity, complication",JLPT JLPT_N4,4
彼,かれ,"he, boyfriend",Genki Genki_Ln.12 Intermediate_Japanese_Ln.8 JLPT JLPT_N4,4
いらっしゃる,いらっしゃる,"-- honorific expression for いく, くる, and いる --",Genki Genki_Ln.19 JLPT JLPT_N4,4
布団,ふとん,futon,JLPT JLPT_N4,4
大事,だいじ,"important, valuable, serious matter",JLPT JLPT_N4,4
贈り物,おくりもの,a gift; a present,Intermediate_Japanese_Ln.9 JLPT JLPT_N4,4
泥棒,どろぼう,thief; burglar,Genki Genki_Ln.21 JLPT JLPT_N4,4
～製,～せい,made in ~,JLPT JLPT_N4,4
注意,ちゅうい,"caution, attention",JLPT JLPT_N4,4
台風,たいふう,typhoon,Genki Genki_Ln.16 JLPT JLPT_N4,4
日,ひ,"sun, sunshine, day",Genki Genki_Ln.16 JLPT JLPT_N4,4
～軒,～けん,counter for houses,JLPT JLPT_N4,4
そう,そう,"really, (is that) so; yes, right",JLPT JLPT_N4,4
通る,とおる,"to pass (by), to go through",JLPT JLPT_N4,4
過ぎる,すぎる,"to exceed, to go beyond",JLPT JLPT_N4,4
レポート; リポート,レポート; リポート,report,JLPT JLPT_N4,4
葉,は,leaf,JLPT JLPT_N4,4
必要,ひつよう,necessary,JLPT JLPT_N4,4
課長,かちょう,section manager,Intermediate_Japanese_Ln.7 JLPT JLPT_N4,4
地震,じしん,earthquake,Genki Genki_Ln.15 JLPT JLPT_N4,4
すると,すると,"and, then",JLPT JLPT_N4,4
止める,やめる,"to end, to stop",JLPT JLPT_N4,4
ガラス,ガラス,"glass, pane",JLPT JLPT_N4,4
～学部,～がくぶ,department of a university,JLPT JLPT_N4,4
厳しい,きびしい,hard; rigorous; strict,Genki Genki_Ln.13 Intermediate_Japanese_Ln.5 JLPT JLPT_N4,4
エスカレーター,エスカレーター,escalator,JLPT JLPT_N4,4
人口,じんこう,population,Intermediate_Japanese_Ln.4 JLPT JLPT_N4,4
月,つき,moon,Genki Genki_Ln.20 JLPT JLPT_N4,4
絹,きぬ,silk,JLPT JLPT_N4,4
ちっとも,ちっとも,not at all (neg. verb),JLPT JLPT_N4,4
深い,ふかい,"deep, profound",JLPT JLPT_N4,4
壊れる,こわれる,"to be broken, to break",JLPT JLPT_N4,4
揺れる,ゆれる,"to shake, to sway",JLPT JLPT_N4,4
落る,おちる,"to fall, to drop",JLPT JLPT_N4,4
できるだけ,できるだけ,"if at all possible, as much as possible",JLPT JLPT_N4,4
悲しい,かなしい,"sad, sorrowful",Genki Genki_Ln.13 JLPT JLPT_N4,4
中学校,ちゅうがっこう,junior high school pupil,JLPT JLPT_N4,4
ガス,ガス,gas,JLPT JLPT_N4,4
祈る,いのる,to pray; to wish,JLPT JLPT_N4,4
盛ん,さかん,"prosperous, active, thriving",JLPT JLPT_N4,4
アルバイト,アルバイト,part-time job,Genki Genki_Ln.4 JLPT JLPT_N4,4
起こす,おこす,to wake (someone) up,Genki Genki_Ln.16 JLPT JLPT_N4,4
致す,いたす,-- extra-modest expression for する --,Genki Genki_Ln.20 JLPT JLPT_N4,4
噛む,かむ,"to bite, to chew",JLPT JLPT_N4,4
赤ちゃん,あかちゃん,"baby, infant",Genki Genki_Ln.21 JLPT JLPT_N4,4
浅い,あさい,"shallow, superficial",JLPT JLPT_N4,4
うそ,嘘,lie,JLPT JLPT_N4,4
小説,しょうせつ,novel,Genki Genki_Ln.20 JLPT JLPT_N4,4
親,おや,a parent,Genki Genki_Ln.16 Intermediate_Japanese_Ln.6 JLPT JLPT_N4,4
それに,それに,moreover; besides,Intermediate_Japanese_Ln.2 JLPT JLPT_N4,4
西洋,せいよう,"the West, Western countries",JLPT JLPT_N4,4
思う,おもう,"to think, to feel",Genki Genki_Ln.8 JLPT JLPT_N4,4
パート (タイム),パート (タイム),part time (esp. female part time employees),JLPT JLPT_N4,4
時代,じだい,"age, period, epoch, era",JLPT JLPT_N4,4
申し上げる,もうしあげる,"(humble)to say, to tell",JLPT JLPT_N4,4
～式,～しき,~ ceremony; ~ style,JLPT JLPT_N4,4
出席,しゅっせきする,attendance,JLPT JLPT_N4,4
～家,～か,person who is specialized in ~,JLPT JLPT_N4,4
迎える,むかえる,to welcome; to meet; to greet,JLPT JLPT_N4,4
触る,さわる,"to touch, to feel",JLPT JLPT_N4,4
建て,～だて,"~ storied, separate housing",JLPT JLPT_N4,4
社長,しゃちょう,president of a company,Genki Genki_Ln.11 JLPT JLPT_N4,4
動物園,どうぶつえん,zoo,JLPT JLPT_N4,4
捕まえる,つかまえる,"to catch, to arrest",JLPT JLPT_N4,4
季節,きせつ,season (in reference to weather),Genki Genki_Ln.10 Intermediate_Japanese_Ln.9 JLPT JLPT_N4,4
寄る,よる,to stop by,Genki Genki_Ln.19 Intermediate_Japanese_Ln.3 JLPT JLPT_N4,4
決まる,きまる,to be set; fixed (v.i.),Intermediate_Japanese_Ln.2 JLPT JLPT_N4,4
開く,ひらく,to open; to hold (an event),JLPT JLPT_N4,4
逃げる,にげる,"to escape, to run away",JLPT JLPT_N4,4
だから,だから,so; therefore,Genki Genki_Ln.4 JLPT JLPT_N4,4
残念,ざんねん,regret; regrettable,Intermediate_Japanese_Ln.7 JLPT JLPT_N4,4
畳,たたみ,tatami mat (Japanese straw mat),JLPT JLPT_N4,4
丁寧,ていねい,"polite, courteous, careful",JLPT JLPT_N4,4
地理,ちり,geography,JLPT JLPT_N4,4
さっき,さっき,a little while ago,Genki Genki_Ln.4 JLPT JLPT_N4,4
怖い,こわい,"scary, frightening",Genki Genki_Ln.5 JLPT JLPT_N4,4
包む,つつむ,"to wrap, to cover",Genki Genki_Ln.21 JLPT JLPT_N4,4
なるべく,なるべく,"if possible, as much as possible",Intermediate_Japanese_Ln.3 JLPT JLPT_N4,4
無理,むり,"unreasonable, impossible",JLPT JLPT_N4,4
サンドイッチ,サンドイッチ,sandwich,JLPT JLPT_N4,4
会議室,かいぎしつ,conference room,JLPT JLPT_N4,4
品物,しなもの,goods,JLPT JLPT_N4,4
人形,にんぎょう,"doll, figure",JLPT JLPT_N4,4
利用,りよう,"use, utilization",JLPT JLPT_N4,4
飾る,かざる,"to decorate, to adorn",JLPT JLPT_N4,4
止める,とめる,to stop (something),JLPT JLPT_N4,4
恥ずかしい,はずかしい,"ashamed, embarrassed",Genki Genki_Ln.18 JLPT JLPT_N4,4
いくら～ても,いくら～ても,however much one may ~,JLPT JLPT_N4,4
用事,ようじ,business to take care of; tasks; errands,Genki Genki_Ln.12 JLPT JLPT_N4,4
ビル,ビル,(abbr.) building,JLPT JLPT_N4,4
けんかする,けんかする,quarrel,JLPT JLPT_N4,4
頑張る,がんばる,"to try one's best, to try hard, to persist",Genki Genki_Ln.13 JLPT JLPT_N4,4
投げる,なげる,"to pitch, to cast away",Intermediate_Japanese_Ln.7 JLPT JLPT_N4,4
故障,こしょうする,breakdown,JLPT JLPT_N4,4
力,ちから,"strength, power",JLPT JLPT_N4,4
受ける,うける,"to take (an examination, interview, etc.); to receive",JLPT JLPT_N4,4
気分,きぶん,"feeling, mood",JLPT JLPT_N4,4
間違える,まちがえる,to make a mistake,Genki Genki_Ln.21 JLPT JLPT_N4,4
そんな,そんな,"such, like that, that sort of",JLPT JLPT_N4,4
星,ほし,star,JLPT JLPT_N4,4
場合,ばあい,"case, situation",JLPT JLPT_N4,4
やっと,やっと,"at last, finally",JLPT JLPT_N4,4
足りる,たりる,to be sufficient; to be enough,Genki Genki_Ln.17 Intermediate_Japanese_Ln.4 JLPT JLPT_N4,4
行う,おこなう,to carry out; to conduct (typically used in written language),Intermediate_Japanese_Ln.3 JLPT JLPT_N4,4
ぶどう,ぶどう,grapes,JLPT JLPT_N4,4
無くなる,なくなる,"to disappear, to get lost",JLPT JLPT_N4,4
準備,じゅんびする,prepare,JLPT JLPT_N4,4
世界,せかい,world,Genki Genki_Ln.10 JLPT JLPT_N4,4
住所,じゅうしょ,address; place of residence,JLPT JLPT_N4,4
再来月,さらいげつ,the month after next,JLPT JLPT_N4,4
林,はやし,"woods, forest",JLPT JLPT_N4,4
倍,ばい,double,JLPT JLPT_N4,4
痩せる,やせる,to lose weight,Genki Genki_Ln.7 JLPT JLPT_N4,4
線,せん,"line, wire",JLPT JLPT_N4,4
戦争,せんそう,war,JLPT JLPT_N4,4
決める,きめる,to decide (v.t.),Genki Genki_Ln.10 Intermediate_Japanese_Ln.9 JLPT JLPT_N4,4
調べる,しらべる,to check; to look up; to inquire; to search,JLPT JLPT_N4,4
寝坊,ねぼう,sleeping in late,JLPT JLPT_N4,4
パパ,パパ,"papa, daddy",JLPT JLPT_N4,4
光る,ひかる,"to shine, to glitter",JLPT JLPT_N4,4
夫,おっと,husband,JLPT JLPT_N4,4
雲,くも,cloud,JLPT JLPT_N4,4
坂,さか,"slope, hill",JLPT JLPT_N4,4
～(て) しまう,～(て) しまう,to end up ~,JLPT JLPT_N4,4
飛行場,ひこうじょう,airport,JLPT JLPT_N4,4
柔道,じゅうどう,judo,JLPT JLPT_N4,4
決して,けっして,never,JLPT JLPT_N4,4
事務所,じむしょ,office,JLPT JLPT_N4,4
連絡,れんらく,"communication, contact, connection",JLPT JLPT_N4,4
小学校,しょうがっこう,elementary school,Genki Genki_Ln.23 JLPT JLPT_N4,4
客,きゃく,"guest, customer",Intermediate_Japanese_Ln.2 JLPT JLPT_N4,4
昔,むかし,old days; past,Genki Genki_Ln.21 JLPT JLPT_N4,4
美しい,うつくしい,"beautiful, lovely",JLPT JLPT_N4,4
捨てる,すてる,"throw away (trash), dump, discard",Genki Genki_Ln.15 JLPT JLPT_N4,4
なさる,なさる,-- honorific expression for する --,Genki Genki_Ln.19 JLPT JLPT_N4,4
事,こと,"thing(s), matter(s), fact",Genki Genki_Ln.21 JLPT JLPT_N4,4
どんどん,どんどん,quickly and steadily; at a rapid pace,JLPT JLPT_N4,4
試合,しあい,"match, game, competition",Genki Genki_Ln.12 Intermediate_Japanese_Ln.7 JLPT JLPT_N4,4
適当,てきとう,"fitness, suitability",JLPT JLPT_N4,4
素晴らしい,すばらしい,wonderful; terrific,Intermediate_Japanese_Ln.4 JLPT JLPT_N4,4
美術館,びじゅつかん,"art gallery, art museum",Genki Genki_Ln.11 JLPT JLPT_N4,4
文法,ぶんぽう,grammar,Genki Genki_Ln.13 JLPT JLPT_N4,4
終わり,おわり,end,JLPT JLPT_N4,4
壁,かべ,wall,JLPT JLPT_N4,4
一度,いちど,"once, one time",JLPT JLPT_N4,4
お礼,おれい,expression of gratitude; thanking; gift of appreciation; bow,Genki Genki_Ln.19 Intermediate_Japanese_Ln.9 JLPT JLPT_N4,4
親切,しんせつ,kindness,JLPT JLPT_N4,4
知らせる,しらせる,to notify,JLPT JLPT_N4,4
歯医者,はいしゃ,dentist,JLPT JLPT_N4,4
熱心,ねっしん,enthusiasm,JLPT JLPT_N4,4
始める,はじめる,"to start, to begin",Genki Genki_Ln.8 JLPT JLPT_N4,4
もらう,もらう,to receive,JLPT JLPT_N4,4
泣く,なく,to cry,Genki Genki_Ln.13 JLPT JLPT_N4,4
治る,なおる,to get better; to recover from illness (v.i.),JLPT JLPT_N4,4
熱,ねつ,"fever, temperature",Intermediate_Japanese_Ln.3 JLPT JLPT_N4,4
お祭り,おまつり,festival,JLPT JLPT_N4,4
水道,すいどう,"water service, water line",JLPT JLPT_N4,4
匂い,におい,"odor, smell",JLPT JLPT_N4,4
ベル,ベル,bell,JLPT JLPT_N4,4
赤ん坊,あかんぼう,baby,JLPT JLPT_N4,4
おかしい,おかしい,strange; odd; funny,Intermediate_Japanese_Ln.2 JLPT JLPT_N4,4
事故,じこ,accident,JLPT JLPT_N4,4
変,へん,"strange, odd",JLPT JLPT_N4,4
辞典,じてん,"encyclopedia, reference book",JLPT JLPT_N4,4
残る,のこる,"to remain (v.i.), to be left",JLPT JLPT_N4,4
立てる,たてる,"to stand (something) up, to erect (something)",JLPT JLPT_N4,4
くれる,くれる,"to give, to do for",JLPT JLPT_N4,4
～員,～いん,member of ~,JLPT JLPT_N4,4
原因,げんいん,"cause, origin, source",JLPT JLPT_N4,4
驚く,おどろく,"to be surprised, to be astonished",Intermediate_Japanese_Ln.8 JLPT JLPT_N4,4
いただく,頂く,-- extra-modest expression for たべる and のむ; humble expression for もらう --,Genki Genki_Ln.20 JLPT JLPT_N4,4
祖母,そぼ,grandmother,JLPT JLPT_N4,4
場所,ばしょ,"place, location",Genki Genki_Ln.23 Intermediate_Japanese_Ln.5 JLPT JLPT_N4,4
答,こたえ,"answer, response",JLPT JLPT_N4,4
もちろん,もちろん,"certainly, of course",Genki Genki_Ln.7 Intermediate_Japanese_Ln.5 JLPT JLPT_N4,4
漬ける,つける,"to soak, to moisten, to pickle",JLPT JLPT_N4,4
受付,うけつけ,reception(ist) desk,Genki Genki_Ln.22 Intermediate_Japanese_Ln.8 JLPT JLPT_N4,4
内,うち,"within, inside",JLPT JLPT_N4,4
スクリーン,スクリーン,screen,JLPT JLPT_N4,4
増える,ふえる,"to increase, to multiply",JLPT JLPT_N4,4
または,または,"or, otherwise",JLPT JLPT_N4,4
けがする,けがする,"injury (to animate object), hurt",JLPT JLPT_N4,4
以下,いか,"less than, below",JLPT JLPT_N4,4
選ぶ,えらぶ,to choose; to select,Genki Genki_Ln.17 Intermediate_Japanese_Ln.3 JLPT JLPT_N4,4
～ばかり,～ばかり,"just did ~, only",JLPT JLPT_N4,4
心,こころ,"heart, mind",JLPT JLPT_N4,4
～だす,～だす,to start doing ~,JLPT JLPT_N4,4
サラダ,サラダ,salad,JLPT JLPT_N4,4
届ける,とどける,to deliver (v.t.),Intermediate_Japanese_Ln.9 JLPT JLPT_N4,4
あいさつする,挨拶,greet(ing),JLPT JLPT_N4,4
景色,けしき,"scenery, landscape",JLPT JLPT_N4,4
確か,たしか,"if I remember correctly; certain, definite",Intermediate_Japanese_Ln.4 JLPT JLPT_N4,4
ステーキ,ステーキ,steak,JLPT JLPT_N4,4
食料品,しょくりょうひん,"foodstuff, groceries",JLPT JLPT_N4,4
森,もり,forest,JLPT JLPT_N4,4
以内,いない,"within, less (no more) than",JLPT JLPT_N4,4
予定,よてい,"plans, arrangement, schedule",Genki Genki_Ln.15 Intermediate_Japanese_Ln.15 JLPT JLPT_N4,4
オーバー,オーバー,"overcoat; over, exceeding, exaggeration",JLPT JLPT_N4,4
乾く,かわく,to get dry,JLPT JLPT_N4,4
石,いし,stone,JLPT JLPT_N4,4
思い出す,おもいだす,"to recall, to remember",Intermediate_Japanese_Ln.8 JLPT JLPT_N4,4
踊る,おどる,to dance,Genki Genki_Ln.9 JLPT JLPT_N4,4
細かい,こまかい,"small; fine, minute",JLPT JLPT_N4,4
塗る,ぬる,"to paint, to plaster",JLPT JLPT_N4,4
ご主人,ごしゅじん,"(your, her) husband",Genki Genki_Ln.14 JLPT JLPT_N4,4
珍しい,めずらしい,"unusual, rare",Intermediate_Japanese_Ln.4 JLPT JLPT_N4,4
用,よう,"errand, task, business (to take care of)",Intermediate_Japanese_Ln.9 JLPT JLPT_N4,4
公務員,こうむいん,"government worker, public servant",JLPT JLPT_N4,4
お嬢さん,おじょうさん,(someone's) daughter (polite),Genki Genki_Ln.22 JLPT JLPT_N4,4
用意,ようい,preparation,JLPT JLPT_N4,4
探す,さがす,"to search, to seek, to look for",Genki Genki_Ln.15 Intermediate_Japanese_Ln.8 JLPT JLPT_N4,4
形,かたち,shape,JLPT JLPT_N4,4
運転,うんてんする,driving,JLPT JLPT_N4,4
すっかり,すっかり,"all, completely",JLPT JLPT_N4,4
アナウンサー,アナウンサー,announcer,JLPT JLPT_N4,4
お土産,おみやげ,souvenir,Genki Genki_Ln.4 JLPT JLPT_N4,4
消しゴム,けしゴム,eraser,JLPT JLPT_N4,4
旅館,りょかん,a Japanese inn,Genki Genki_Ln.15 Intermediate_Japanese_Ln.6 JLPT JLPT_N4,4
海岸,かいがん,"coast, seashore",JLPT JLPT_N4,4
寂しい,さびしい,"lonely, lonesome",Genki Genki_Ln.9 JLPT JLPT_N4,4
火,ひ,fire,JLPT JLPT_N4,4
育てる,そだてる,to raise (v.t.); to bring up,Genki Genki_Ln.22 JLPT JLPT_N4,4
味噌,みそ,"miso, bean paste",JLPT JLPT_N4,4
お祝い,おいわい,"congratulation, celebration",Intermediate_Japanese_Ln.7 JLPT JLPT_N4,4
乗り物,のりもの,vehicle,JLPT JLPT_N4,4
案内,あんないする,"information, guidance",JLPT JLPT_N4,4
通う,かよう,to go back and forth; to commute,JLPT JLPT_N4,4
連れる,つれる,"to lead, to take (a person)",JLPT JLPT_N4,4
技術,ぎじゅつ,"technique, technology, skill",JLPT JLPT_N4,4
小鳥,ことり,small bird,JLPT JLPT_N4,4
下宿,げしゅく,"lodging, boarding house",JLPT JLPT_N4,4
ジャム,ジャム,jam,JLPT JLPT_N4,4
招待,しょうたいする,invitation,JLPT JLPT_N4,4
鏡,かがみ,mirror,JLPT JLPT_N4,4
はず,はず,it should be so,JLPT JLPT_N4,4
法律,ほうりつ,law,JLPT JLPT_N4,4
進む,すすむ,"to advance, to proceed",JLPT JLPT_N4,4
楽む,たのしむ,to enjoy,JLPT JLPT_N4,4
貿易,ぼうえき,trade,JLPT JLPT_N4,4
反対,はんたい,"oppose, opposition, resistance",JLPT JLPT_N4,4
おる,おる,-- extra-modest expression for いる --,Genki Genki_Ln.20 JLPT JLPT_N4,4
申す,もうす,-- extra-modest (humble) expression for 言う (いう) --,Genki Genki_Ln.20 JLPT JLPT_N4,4
試験,しけん,an exam,Genki Genki_Ln.9 JLPT JLPT_N4,4
真面目,まじめ,"diligent, serious",JLPT JLPT_N4,4
ごらんになる,,-- honorific expression for みる --,Genki Genki_Ln.19 JLPT JLPT_N4,4
店員,てんいん,clerk; shop-employee,Intermediate_Japanese_Ln.6 JLPT JLPT_N4,4
泊まる,とまる,to stay (over night) (v.i.),JLPT JLPT_N4,4
よろしい,よろしい,"(hon.) good, OK, all right",JLPT JLPT_N4,4
今夜,こんや,"this evening, tonight",JLPT JLPT_N4,4
おつり,おつり,change; balance of money returned to the purchaser,JLPT JLPT_N4,4
チェックする,チェックする,check,JLPT JLPT_N4,4
会話,かいわ,conversation,JLPT JLPT_N4,4
空気,くうき,"air, atmosphere",Genki Genki_Ln.8 JLPT JLPT_N4,4
交通,こうつう,"traffic, transportation",JLPT JLPT_N4,4
ワープロ,ワープロ,word processor,JLPT JLPT_N4,4
喜ぶ,よろこぶ,"to rejoice, to be delighted, to be glad",JLPT JLPT_N4,4
急行,きゅうこう,express train or bus,Intermediate_Japanese_Ln.7 JLPT JLPT_N4,4
皆,みな,everyone,JLPT JLPT_N4,4
味,あじ,"flavor, taste",JLPT JLPT_N4,4
空港,くうこう,airport,Genki Genki_Ln.20 JLPT JLPT_N4,4
手袋,てぶくろ,glove(s),Genki Genki_Ln.10 JLPT JLPT_N4,4
校長,こうちょう,"principal, headmaster",JLPT JLPT_N4,4
ごちそう,ごちそう,"feast, treating (someone)",JLPT JLPT_N4,4
踊り,おどり,dance,JLPT JLPT_N4,4
興味,きょうみ,interest (in something),JLPT JLPT_N4,4
引っ越す,ひっこす,to move to a new place of residence,JLPT JLPT_N4,4
冷房,れいぼう,"cooling, air conditioning",JLPT JLPT_N4,4
都合,つごう,"circumstances, convenience",JLPT JLPT_N4,4
遠慮,えんりょする,"restraint, reserve, hesitate",JLPT JLPT_N4,4
亡くなる,なくなる,to pass away,JLPT JLPT_N4,4
科学,かがく,science,Genki Genki_Ln.1 JLPT JLPT_N4,4
はっきり,はっきり,"clearly, distinctly",JLPT JLPT_N4,4
差し上げる,さしあげる,-- humble expression for あげる --,Genki Genki_Ln.20 JLPT JLPT_N4,4
気持ち,きもち,"feeling, sensation, mood",JLPT JLPT_N4,4
祖父,そふ,grandfather,JLPT JLPT_N4,4
港,みなと,"harbor, port",JLPT JLPT_N4,4
予約,よやく,reservation,Genki Genki_Ln.10 JLPT JLPT_N4,4
凄い,すごい,"terrific, great",JLPT JLPT_N4,4
入学,にゅうがくする,entry to school or university,JLPT JLPT_N4,4
片付ける,かたづける,"to (clean) tidy up (v.t.), to put away",JLPT JLPT_N4,4
写す,うつす,to copy (v.t.); to photograph,JLPT JLPT_N4,4
パソコン,パソコン,(personal) computer,JLPT JLPT_N4,4
部長,ぶちょう,department (division) manager,Genki Genki_Ln.19 Intermediate_Japanese_Ln.15 JLPT JLPT_N4,4
火事,かじ,fire,JLPT JLPT_N4,4
足す,たす,to add (numbers),JLPT JLPT_N4,4
教会,きょうかい,church,Intermediate_Japanese_Ln.9 JLPT JLPT_N4,4
彼ら,かれら,they (usually male),JLPT JLPT_N4,4
いっぱい,一杯,"full, to the utmost",JLPT JLPT_N4,4
アメリカ,アメリカ,"America, U.S.A.",Genki Genki_Ln.1 Genki_Ln.2 JLPT JLPT_N4,4
男性,だんせい,man; male,JLPT JLPT_N4,4
理由,りゆう,reason,JLPT JLPT_N4,4
生産,せいさんする,production; to produce,JLPT JLPT_N4,4
着物,きもの,kimono; Japanese traditional dress,Genki Genki_Ln.13 JLPT JLPT_N4,4
おもちゃ,おもちゃ,a toy,Genki Genki_Ln.11 JLPT JLPT_N4,4
暮れる,くれる,"to get dark, to come to an end",JLPT JLPT_N4,4
釣る,つる,to fish,JLPT JLPT_N4,4
～ちゃん,～ちゃん,suffix for familiar (female) person,JLPT JLPT_N4,4
打つ,うつ,"to hit, to strike",JLPT JLPT_N4,4
あんな,あんな,"such, like that",JLPT JLPT_N4,4
謝る,あやまる,to apologize,JLPT JLPT_N4,4
昼間,ひるま,"daytime, during the day",JLPT JLPT_N4,4
教育,きょういく,education,JLPT JLPT_N4,4
女性,じょせい,woman,JLPT JLPT_N4,4
米,こめ,uncooked rice,JLPT JLPT_N4,4
邪魔,じゃま,"hindrance, intrusion",JLPT JLPT_N4,4
国際,こくさい,international,JLPT JLPT_N4,4
隅,すみ,corner,JLPT JLPT_N4,4
伺う,うかがう,"humble form of 行く (いく), 聞く (きく) and 来る (くる)",JLPT JLPT_N4,4
再来週,さらいしゅう,the week after next,JLPT JLPT_N4,4
夢,ゆめ,a dream,Genki Genki_Ln.11 JLPT JLPT_N4,4
喉,のど,throat,JLPT JLPT_N4,4
最近,さいきん,"recently, nowadays, in recent years, most recent, latest",Genki Genki_Ln.15 Intermediate_Japanese_Ln.9 JLPT JLPT_N4,4
周り,まわり,surroundings,JLPT JLPT_N4,4
歴史,れきし,history,Genki Genki_Ln.1 Genki_Ln.2 Intermediate_Japanese_Ln.3 JLPT JLPT_N4,4
不便,ふべん,inconvenience,JLPT JLPT_N4,4
血,ち,blood,JLPT JLPT_N4,4
～続ける,～つづける,to continue doing ~,JLPT JLPT_N4,4
毛,け,"hair, fur",JLPT JLPT_N4,4
ひどい,ひどい,"terrible, awful, unfair, cruel",Genki Genki_Ln.21 Intermediate_Japanese_Ln.4 JLPT JLPT_N4,4
例えば,たとえば,"for example, e.g.",Genki Genki_Ln.17 Intermediate_Japanese_Ln.2 JLPT JLPT_N4,4
中々,なかなか,"very, considerably, quite",JLPT JLPT_N4,4
随分,ずいぶん,extremely,JLPT JLPT_N4,4
～やすい,～やすい,easy to do ~,JLPT JLPT_N4,4
押し入れ,おしいれ,closet,JLPT JLPT_N4,4
電灯,でんとう,electric light,JLPT JLPT_N4,4
叱る,しかる,to scold,JLPT JLPT_N4,4
サンダル,サンダル,sandal,JLPT JLPT_N4,4
びっくりする,びっくりする,to be surprised,Genki Genki_Ln.21 JLPT JLPT_N4,4
うまい,うまい,delicious; skillful; fortunate,JLPT JLPT_N4,4
変える,かえる,"to change, to alter, to vary",JLPT JLPT_N4,4
講堂,こうどう,auditorium,JLPT JLPT_N4,4
子,こ,child,JLPT JLPT_N4,4
沸かす,わかす,to boil,JLPT JLPT_N4,4
レジ,レジ,register,JLPT JLPT_N4,4
しばらく,しばらく,little while,JLPT JLPT_N4,4
特に,とくに,particularly,Intermediate_Japanese_Ln.3 JLPT JLPT_N4,4
空く,あく,"to open, to become empty (vacant)",JLPT JLPT_N4,4
計画,けいかくする,"plan, project, schedule",JLPT JLPT_N4,4
通り,とおり,"~ Street, ~ Avenue",JLPT JLPT_N4,4
下着,したぎ,underwear,JLPT JLPT_N4,4
経済,けいざい,"economics, finance, economy",JLPT JLPT_N4,4
こう,こう,"like this, this way",JLPT JLPT_N4,4
是非,ぜひ,"certainly, by all means; without fail",Genki Genki_Ln.9 Intermediate_Japanese_Ln.15 Intermediate_Japanese_Ln.8 JLPT JLPT_N4,4
裏,うら,"reverse side, back",JLPT JLPT_N4,4
為,ため,"good, advantage, in order to",JLPT JLPT_N4,4
おいでになる,おいでになる,(hon.) to be,JLPT JLPT_N4,4
変わる,かわる,"to change (v.i.), to be transformed, to vary",Intermediate_Japanese_Ln.4 JLPT JLPT_N4,4
以外,いがい,"other than, with the exception of, excepting",Intermediate_Japanese_Ln.3 JLPT JLPT_N4,4
済む,すむ,"to finish, to end",JLPT JLPT_N4,4
ハンバーグ,ハンバーグ,hamburger steak,JLPT JLPT_N4,4
市,し,city,JLPT JLPT_N4,4
引き出し,ひきだし,drawer,JLPT JLPT_N4,4
遊び,あそび,play,JLPT JLPT_N4,4
支度,したくする,preparation,JLPT JLPT_N4,4
～始める,～はじめる,to start doing ~,JLPT JLPT_N4,4
見える,みえる,to be visible; -- polite verb meaning 来る (くる) --,Genki Genki_Ln.15 JLPT JLPT_N4,4
十分,じゅうぶん,enough,JLPT JLPT_N4,4
音,おと,"sound, note",Genki Genki_Ln.20 JLPT JLPT_N4,4
きっと,きっと,"surely, definitely, undoubtedly, certainly",Intermediate_Japanese_Ln.7 JLPT JLPT_N4,4
まず,まず,"first (of all), to start with",Genki Genki_Ln.18 JLPT JLPT_N4,4
遠く,とおく,"far away, distant",JLPT JLPT_N4,4
大体,だいたい,approximately; in most cases; in general; to begin with (same as もともと),Intermediate_Japanese_Ln.15 Intermediate_Japanese_Ln.3 JLPT JLPT_N4,4
折れる,おれる,"to break, to be folded, to give in; to turn (a corner)",JLPT JLPT_N4,4
正しい,ただしい,correct,JLPT JLPT_N4,4
輸入,ゆにゅう,import,JLPT JLPT_N4,4
返事,へんじ,"reply, answer",JLPT JLPT_N4,4
都,と,metropolitan,JLPT JLPT_N4,4
産業,さんぎょう,industry,JLPT JLPT_N4,4
伝える,つたえる,"to convey (a message); to tell, to report",Genki Genki_Ln.20 Intermediate_Japanese_Ln.15 JLPT JLPT_N4,4
お金持ち,かねもち; おかねもち,rich person,JLPT JLPT_N4,4
説明,せつめい,explanation,JLPT JLPT_N4,4
島,しま,island,Intermediate_Japanese_Ln.5 JLPT JLPT_N4,4
道具,どうぐ,tool,JLPT JLPT_N4,4
滑る,すべる,"to slide, to slip",JLPT JLPT_N4,4
それほど,それほど,to that degree; extent,JLPT JLPT_N4,4
以上,いじょう,more than; this is all,JLPT JLPT_N4,4
～まま,～まま,as it is,JLPT JLPT_N4,4
特急,とっきゅう,limited express (train faster than an express),JLPT JLPT_N4,4
プレゼント,プレゼント,"present, gift",Genki Genki_Ln.12 JLPT JLPT_N4,4
～(に) よると,～(に) よると,according to ~,JLPT JLPT_N4,4
妻,つま,wife (humble),JLPT JLPT_N4,4
帰り,かえり,"return, coming back",JLPT JLPT_N4,4
具合,ぐあい,"condition, state, health",JLPT JLPT_N4,4
堅; 硬; 固い,かたい,"solid, hard, firm",JLPT JLPT_N4,4
駐車場,ちゅうしゃじょう,parking lot,JLPT JLPT_N4,4
スーツ,スーツ,suit,JLPT JLPT_N4,4
危険,きけん,"danger, risk, hazard",Intermediate_Japanese_Ln.15 JLPT JLPT_N4,4
髪,かみ,hair,Genki Genki_Ln.7 JLPT JLPT_N4,4
天気予報,てんきよほう,weather forecast,Genki Genki_Ln.8 JLPT JLPT_N4,4
彼女,かのじょ,girlfriend; she,Genki Genki_Ln.12 JLPT JLPT_N4,4
間,あいだ,"space, interval",JLPT JLPT_N4,4
卒業,そつぎょう,graduation,JLPT JLPT_N4,4
それで,それで,"and (conj.), thereupon, because of that",JLPT JLPT_N4,4
枝,えだ,"branch, twig",JLPT JLPT_N4,4
専門,せんもん,major; speciality,Genki Genki_Ln.1 JLPT JLPT_N4,4
そろそろ,そろそろ,"gradually, soon",JLPT JLPT_N4,4
送る,おくる,"to send, to dispatch",Genki Genki_Ln.14 Intermediate_Japanese_Ln.3 JLPT JLPT_N4,4
あげる,あげる,to give,JLPT JLPT_N4,4
騒ぐ,さわぐ,"to make noise, to clamor",JLPT JLPT_N4,4
尋ねる,たずねる,to inquire (same as 質問する),JLPT JLPT_N4,4
放送,ほうそうする,broadcasting,JLPT JLPT_N4,4
政治,せいじ,politics,Genki Genki_Ln.1 Genki_Ln.12 Intermediate_Japanese_Ln.3 JLPT JLPT_N4,4
市民,しみん,citizen,JLPT JLPT_N4,4
ファックス,ファックス,fax,JLPT JLPT_N4,4
負ける,まける,"to lose (a game) (v.i.), to be defeated",Intermediate_Japanese_Ln.7 JLPT JLPT_N4,4
指輪,ゆびわ,(finger) ring,Genki Genki_Ln.14 JLPT JLPT_N4,4
田舎,いなか,"rural, countryside",JLPT JLPT_N4,4
見つける,みつける,"to discover, to find (v.t.)",Genki Genki_Ln.21 JLPT JLPT_N4,4
高校生,こうこうせい,high school student,Genki Genki_Ln.1 JLPT JLPT_N4,4
講義,こうぎ,a lecture,Intermediate_Japanese_Ln.5 JLPT JLPT_N4,4
そんなに,そんなに,"so much, like that",JLPT JLPT_N4,4
昼休み,ひるやすみ,"lunch break, noon recess",JLPT JLPT_N4,4
忘れ物,わすれもの,"lost article, something forgotten",JLPT JLPT_N4,4
下りる,おりる,"to get down, to go; come down",JLPT JLPT_N4,4
腕,うで,arm (in reference to body),Intermediate_Japanese_Ln.7 JLPT JLPT_N4,4
訳,わけ,reason; explanation,JLPT JLPT_N4,4
承知,しょうちする,"consent, acceptance",JLPT JLPT_N4,4
日記,にっき,"diary, journal",Genki Genki_Ln.18 JLPT JLPT_N4,4
高校; 高等学校,こうこう; こうとうがっこう,high school; senior high school,JLPT JLPT_N4,4
似る,にる,"to resemble, to be similar",JLPT JLPT_N4,4
～おわる,～おわる,to finish doing ~,JLPT JLPT_N4,4
暖房,だんぼう,heating,JLPT JLPT_N4,4
留守,るす,absence; not at home,Genki Genki_Ln.21 JLPT JLPT_N4,4
割合,わりあい,"rate, ratio, percentage",JLPT JLPT_N4,4
寺,てら,Buddhist temple,JLPT JLPT_N4,4
慣れる,なれる,to grow accustomed to,JLPT JLPT_N4,4
普通,ふつう,common; usual,Intermediate_Japanese_Ln.2 Intermediate_Japanese_Ln.3 JLPT JLPT_N4,4
手伝う,てつだう,to help,JLPT JLPT_N4,4
なるほど,なるほど,I see; I now understand,Intermediate_Japanese_Ln.6 JLPT JLPT_N4,4
くださる,くださる,"(hon.) to give, to confer",JLPT JLPT_N4,4
息子,むすこ,(humble) son,JLPT JLPT_N4,4
お子さん,おこさん,(someone else's) child (polite),Genki Genki_Ln.19 JLPT JLPT_N4,4
会場,かいじょう,"venue, meeting place",JLPT JLPT_N4,4
笑う,わらう,"to laugh, to smile",JLPT JLPT_N4,4
運ぶ,はこぶ,"to transport, to carry",Genki Genki_Ln.22 Intermediate_Japanese_Ln.6 JLPT JLPT_N4,4
文学,ぶんがく,literature,Genki Genki_Ln.1 Intermediate_Japanese_Ln.3 JLPT JLPT_N4,4
光,ひかり,light,JLPT JLPT_N4,4
お見舞い,おみまい,"calling on someone who is ill, visit",JLPT JLPT_N4,4
席,せき,a seat,Intermediate_Japanese_Ln.7 JLPT JLPT_N4,4
～様,～さま,"Mr., Mrs., Ms.",JLPT JLPT_N4,4
ご存じ,ごぞんじ,"knowing, acquaintance",JLPT JLPT_N4,4
下る,さがる,"to descend, to drop, to fall",JLPT JLPT_N4,4
字,じ,letter; character,Genki Genki_Ln.20 JLPT JLPT_N4,4
アジア,アジア,Asia,JLPT JLPT_N4,4
褒める,ほめる,to praise; to say nice things,Genki Genki_Ln.21 JLPT JLPT_N4,4
空く,すく,"to be empty (in reference to people), to be less crowded",JLPT JLPT_N4,4
あ,あ,Ah,JLPT JLPT_N4,4
最も,もっとも,most,JLPT JLPT_N4,4
合う,あう,"to fit, to match",JLPT JLPT_N4,4
～代,～だい,~ age; period,JLPT JLPT_N4,4
最後,さいご,"last, end",JLPT JLPT_N4,4
値段,ねだん,price,JLPT JLPT_N4,4
退院,たいいんする,leaving hospital,JLPT JLPT_N4,4
展覧会,てんらんかい,exhibition,JLPT JLPT_N4,4
久しぶり,ひさしぶり,it has been a long time; for the first time in a long time,Genki Genki_Ln.11 Intermediate_Japanese_Ln.4 JLPT JLPT_N4,4
カーテン,カーテン,curtain,Genki Genki_Ln.18 JLPT JLPT_N4,4
汽車,きしゃ,train (steam),JLPT JLPT_N4,4
遅れる,おくれる,to (be) become late,Genki Genki_Ln.19 Intermediate_Japanese_Ln.2 JLPT JLPT_N4,4
見つかる,みつかる,"to be found (v.i.), to be discovered",JLPT JLPT_N4,4
召し上がる,めしあがる,-- honorific form of 食べる (たべる) and 飲む (のむ) --,Genki Genki_Ln.19 Intermediate_Japanese_Ln.6 JLPT JLPT_N4,4
太る,ふとる,to gain weight,Genki Genki_Ln.7 JLPT JLPT_N4,4
注射,ちゅうしゃ,injection,JLPT JLPT_N4,4
様,よう,"way, manner, kind",JLPT JLPT_N4,4
～おき,～おき,after every ~,JLPT JLPT_N4,4
最初,さいしょ,"beginning, first",JLPT JLPT_N4,4
御～,ご～,honorable ~,JLPT JLPT_N4,4
安心,あんしん,"peace of mind, relief",JLPT JLPT_N4,4
直る,なおる,to be fixed,JLPT JLPT_N4,4
集める,あつめる,"to collect, to gather (v.t.), to assemble",Genki Genki_Ln.16 Intermediate_Japanese_Ln.7 JLPT JLPT_N4,4
直す,なおす,to correct (v.t.); to fix,Genki Genki_Ln.16 JLPT JLPT_N4,4
続く,つづく,to be continued,JLPT JLPT_N4,4
先輩,せんぱい,senior members of a group,Genki Genki_Ln.22 JLPT JLPT_N4,4
約束,やくそく,"arrangement, appointment, promise",Genki Genki_Ln.13 JLPT JLPT_N4,4
世話,せわする,looking after; to look after,JLPT JLPT_N4,4
近所,きんじょ,neighborhood,JLPT JLPT_N4,4
将来,しょうらい,(in the) future; prospects,Genki Genki_Ln.11 Intermediate_Japanese_Ln.5 JLPT JLPT_N4,4
億,おく,hundred million,JLPT JLPT_N4,4
数学,すうがく,mathematics,JLPT JLPT_N4,4
文化,ぶんか,culture,Genki Genki_Ln.19 JLPT JLPT_N4,4
払う,はらう,to pay,Genki Genki_Ln.10 Intermediate_Japanese_Ln.3 JLPT JLPT_N4,4
習慣,しゅうかん,custom (in reference to culture),JLPT JLPT_N4,4
焼ける,やける,"to burn, to be roasted",JLPT JLPT_N4,4
君,きみ,you (informal for men),JLPT JLPT_N4,4
冷える,ひえる,"to grow cold, to cool down",JLPT JLPT_N4,4
点く,つく,"to be started, to be switched on",JLPT JLPT_N4,4
この間,このあいだ,"the other day, recently",Genki Genki_Ln.16 JLPT JLPT_N4,4
かっこう,格好,"appearance, manner, shape, form, posture",JLPT JLPT_N4,4
かまう,,"to mind, to care about, to be concerned about",JLPT JLPT_N4,4
続ける,つづける,"to continue, to keep up",Genki Genki_Ln.21 JLPT JLPT_N4,4
落す,おとす,"to drop, to lose",JLPT JLPT_N4,4
明日,あす,tomorrow,JLPT JLPT_N4,4
出発,しゅっぱつする,departure,JLPT JLPT_N4,4
拝見,はいけんする,"(humble) (polite) seeing, look at",JLPT JLPT_N4,4
割れる,われる,to break,JLPT JLPT_N4,4
背中,せなか,back (of body),JLPT JLPT_N4,4
新聞社,しんぶんしゃ,newspaper company,JLPT JLPT_N4,4
いじめる,いじめる,"to bully, to torment",Genki Genki_Ln.21 JLPT JLPT_N4,4
回る、回す,まわる、まわす,"to go around, to revolve",JLPT JLPT_N4,4
～君,～くん,"Mr. (junior) ~, master ~",JLPT JLPT_N4,4
おっしゃる,おっしゃる,-- honorific expression for いう --,Genki Genki_Ln.19 JLPT JLPT_N4,4
眠い,ねむい,"sleepy, drowsy",Genki Genki_Ln.10 JLPT JLPT_N4,4
濡れる,ぬれる,to get wet,JLPT JLPT_N4,4
倒れる,たおれる,"to collapse, to break down",JLPT JLPT_N4,4
スーパー (マーケット),スーパー (マーケット),supermarket,JLPT JLPT_N4,4
アクセサリー,アクセサリー,accessory,JLPT JLPT_N4,4
考える,かんがえる,to think (about); to consider,Genki Genki_Ln.18 JLPT JLPT_N4,4
向かう,むかう,"to face, to go towards",JLPT JLPT_N4,4
自由,じゆう,freedom,Genki Genki_Ln.22 JLPT JLPT_N4,4
仕方,しかた,way (of doing something),JLPT JLPT_N4,4
首,くび,neck,JLPT JLPT_N4,4
程,ほど,"degree, extent",JLPT JLPT_N4,4
代わり,かわり,"substitute, replacement",JLPT JLPT_N4,4
失敗,しっぱい,"failure, mistake",JLPT JLPT_N4,4
工業,こうぎょう,(manufacturing) industry,JLPT JLPT_N4,4
移る,うつる,to move (from a house); to transfer (from a department); to shift,JLPT JLPT_N4,4
スーツケース,スーツケース,suitcase,JLPT JLPT_N4,4
ひげ,ひげ,beard,Genki Genki_Ln.17 JLPT JLPT_N4,4
研究室,けんきゅうしつ,the professor's office; laboratory,Intermediate_Japanese_Ln.3 JLPT JLPT_N4,4
工場,こうじょう,factory,Genki Genki_Ln.21 Intermediate_Japanese_Ln.15 JLPT JLPT_N4,4
紹介,しょうかい,an introduction,JLPT JLPT_N4,4
けれど; けれども,けれど; けれども,"but, although",JLPT JLPT_N4,4
舟,ふね,"ship, boat",JLPT JLPT_N4,4
動く,うごく,to move,JLPT JLPT_N4,4
～(に) ついて,～(に) ついて,"about, concerning",JLPT JLPT_N4,4
コンサート,コンサート,concert,Genki Genki_Ln.9 JLPT JLPT_N4,4
虫,むし,insect,JLPT JLPT_N4,4
優しい,やさしい,"kind (person), gentle (person), easy (problem)",Genki Genki_Ln.5 JLPT JLPT_N4,4
コンピュータ; コンピューター,コンピュータ; コンピューター,computer,JLPT JLPT_N4,4
植える,うえる,to plant,JLPT JLPT_N4,4
両方,りょうほう,"both sides, both parties",JLPT JLPT_N4,4
汚れる,よごれる,to become dirty,JLPT JLPT_N4,4
水泳,すいえい,swimming,JLPT JLPT_N4,4
経験,けいけんする,experience,JLPT JLPT_N4,4
勝つ,かつ,to win,JLPT JLPT_N4,4
砂,すな,sand,JLPT JLPT_N4,4
警察,けいさつ,police; police station,Genki Genki_Ln.21 JLPT JLPT_N4,4
取り替える,とりかえる,"to exchange, to replace",JLPT JLPT_N4,4
急ぐ,いそぐ,"to hurry, to be in a hurry, to rush",Genki Genki_Ln.6 Intermediate_Japanese_Ln.2 JLPT JLPT_N4,4
簡単,かんたん,simple,JLPT JLPT_N4,4
参る,まいる,humble expression for 行く and 来る,Genki Genki_Ln.20 Intermediate_Japanese_Ln.6 JLPT JLPT_N4,4
全然,ぜんぜん,"not at all; wholly, entirely",JLPT JLPT_N4,4
特別,とくべつ,special,JLPT JLPT_N4,4
復習,ふくしゅう,"review (of lessons), revision",JLPT JLPT_N4,4
間に合う,まにあう,to be in time for,JLPT JLPT_N4,4
役に立つ,やくにたつ,"to be helpful, to be useful",Intermediate_Japanese_Ln.4 JLPT JLPT_N4,4
もうすぐ,もうすぐ,very soon; in a few moments; days,Genki Genki_Ln.12 JLPT JLPT_N4,4
真中,まんなか,"middle, center",JLPT JLPT_N4,4
戻る,もどる,to return (v.i.); to come back,Genki Genki_Ln.20 Intermediate_Japanese_Ln.8 JLPT JLPT_N4,4
研究,けんきゅう,"study, research, investigation",JLPT JLPT_N4,4
ケーキ,ケーキ,cake,Genki Genki_Ln.13 JLPT JLPT_N4,4
草,くさ,grass,JLPT JLPT_N4,4
込む,こむ,to be crowded,JLPT JLPT_N4,4
この頃,このごろ,"these days, nowadays",Genki Genki_Ln.10 JLPT JLPT_N4,4
訪ねる,たずねる,to visit,JLPT JLPT_N4,4
下げる,さげる,to lower (v.t.); to hang,Intermediate_Japanese_Ln.2 JLPT JLPT_N4,4
花見,はなみ,cherry-blossom viewing,JLPT JLPT_N4,4
途中,とちゅう,"on the way, midway",JLPT JLPT_N4,4
入院,にゅういんする,hospitalization,JLPT JLPT_N4,4
乗り換える,のりかえる,"to transfer (trains), to change (bus, train, etc.)",JLPT JLPT_N4,4
別れる,わかれる,"to part from, to separate",JLPT JLPT_N4,4
～町,～ちょう,the town of ~,JLPT JLPT_N4,4
安全,あんぜん,"safety, security",JLPT JLPT_N4,4
看護婦,かんごふ,(female) nurse,JLPT JLPT_N4,4
見物,けんぶつ,sightseeing,JLPT JLPT_N4,4
相談,そうだんする,consultation,JLPT JLPT_N4,4
ガソリンスタンド,ガソリンスタンド,"gas station, service station",JLPT JLPT_N4,4
テニス,テニス,tennis,Genki Genki_Ln.3 JLPT JLPT_N4,4
眠る,ねむる,to sleep,JLPT JLPT_N4,4
上がる,あがる,"to rise, to go up",JLPT JLPT_N4,4
翻訳,ほんやく,translation,Intermediate_Japanese_Ln.8 JLPT JLPT_N4,4
食事,しょくじする,meal,JLPT JLPT_N4,4
おかげ,お陰,thanks or owing to,JLPT JLPT_N4,4
娘,むすめ,daughter (humble),JLPT JLPT_N4,4
湯,ゆ,hot water,JLPT JLPT_N4,4
競争,きょうそう,"competition, contest",JLPT JLPT_N4,4
会議,かいぎ,business meeting; conference,Genki Genki_Ln.21 JLPT JLPT_N4,4
湖,みずうみ,lake,Genki Genki_Ln.11 Intermediate_Japanese_Ln.4 JLPT JLPT_N4,4
集まる,あつまる,"to gather (v.i.), to collect",Intermediate_Japanese_Ln.7 JLPT JLPT_N4,4
～にくい,～にくい,difficult to do ~,JLPT JLPT_N4,4
生活,せいかつする,"living, life; to live",JLPT JLPT_N4,4
糸,いと,thread,JLPT JLPT_N4,4
関係,かんけい,"relation(ship), connection",JLPT JLPT_N4,4
ピアノ,ピアノ,piano,Genki Genki_Ln.9 JLPT JLPT_N4,4
～目,～め,"number ~ sequence, ~nd; ~th",JLPT JLPT_N4,4
番組,ばんぐみ,broadcast program,Genki Genki_Ln.15 JLPT JLPT_N4,4
急,きゅう,"urgent, sudden; steep",JLPT JLPT_N4,4
棚,たな,"shelves, rack",JLPT JLPT_N4,4
木綿,もめん,cotton,JLPT JLPT_N4,4
輸出,ゆしゅつする,export,JLPT JLPT_N4,4
タイプ,タイプ,"type, style",JLPT JLPT_N4,4
すり,すり,pickpocket,JLPT JLPT_N4,4
うれしい,嬉しい,to be happy; to be glad,Genki Genki_Ln.13 JLPT JLPT_N4,4
アルコール,アルコール,alcohol,JLPT JLPT_N4,4
ソフト,ソフト,soft; soft hat; software,JLPT JLPT_N4,4
神社,じんじゃ,Shinto shrine,JLPT JLPT_N4,4
大分,だいぶ,"fairly well, to a large extent, considerably, pretty much",Intermediate_Japanese_Ln.4 JLPT JLPT_N4,4
楽しみ,たのしみ,"pleasure, joy",JLPT JLPT_N4,4
趣味,しゅみ,hobby; pastime,Genki Genki_Ln.20 JLPT JLPT_N4,4
電報,でんぽう,telegram,JLPT JLPT_N4,4
家内,かない,(one's own) wife,Intermediate_Japanese_Ln.7 JLPT JLPT_N4,4
指,ゆび,finger,JLPT JLPT_N4,4
これから,これから,"from now on, after this",JLPT JLPT_N4,4
たまに,たまに,occasionally,JLPT JLPT_N4,4
社会,しゃかい,society,JLPT JLPT_N4,4
